customer_id,customer_name,reg_date
1,Anahita Sane,2023-11-28
2,Arnav Guha,2023-05-29
3,Shamik Gokhale,2022-09-29
4,Kimaya Brar,2024-06-04
5,Lakshay Ganesan,2023-03-25
6,Kiara Srinivas,2022-10-07
7,Jayan Chanda,2024-05-10
8,Anvi Thaker,2022-08-22
9,Trisha Chauhan,2023-04-28
10,Himmat Bhalla,2022-09-29
11,Ritvik Hora,2022-09-04
12,Tara Chakrabarti,2025-04-21
13,Saksham Sarraf,2024-12-28
14,Onkar Desai,2024-04-03
15,Keya Bhandari,2023-12-08
16,Trisha Chatterjee,2024-12-26
17,Fateh Kar,2024-04-08
18,Aniruddh Mander,2023-09-30
19,Dhanush Garg,2024-12-16
20,Zara Trivedi,2025-06-09
21,Riaan Ramanathan,2023-07-03
22,Anahi Ranganathan,2025-02-25
23,Shaan Wagle,2024-08-03
24,Zoya Bajaj,2025-05-11
25,Kiaan Sabharwal,2024-08-13
26,Kiara Rout,2025-05-03
27,Yuvraj  Sant,2024-04-07
28,Samar Rege,2023-06-28
29,Samar Agarwal,2023-02-15
30,Aarav Sahni,2023-11-11
31,Alia Baral,2024-08-11
32,Anay Bains,2025-06-01
33,Arhaan Ganesan,2022-08-28
34,Ryan Bhagat,2024-07-17
35,Vritika Acharya,2023-08-29
36,Kabir Behl,2023-03-16
37,Alisha Sule,2023-11-28
38,Saksham Dâ€™Alia,2024-11-01
39,Prerak Wali,2023-12-30
40,Shray Divan,2025-06-29
41,Hrishita Balakrishnan,2023-12-22
42,Vivaan Varma,2024-09-10
43,Aarush Comar,2022-11-15
44,Mohanlal Sodhi,2023-01-31
45,Indrans Thakur,2023-06-09
46,Zain Savant,2022-12-13
47,Veer Kapoor,2023-02-18
48,Rhea Datta,2023-12-31
49,Mohanlal Kaur,2023-11-27
50,Jayesh Goyal,2024-01-06
51,Samiha Koshy,2024-07-11
52,Miraya Barad,2023-08-29
53,Ahana  Roy,2023-01-08
54,Damini Mand,2022-10-19
55,Mannat Rao,2023-09-08
56,Divij Hegde,2024-04-20
57,Ivana Koshy,2024-10-03
58,Alia Mand,2025-01-31
59,Stuvan Bail,2025-07-05
60,Zaina Bhatt,2024-12-27
61,Pihu Singhal,2023-07-22
62,Aaryahi Swaminathan,2022-08-06
63,Samaira Doshi,2022-11-22
64,Seher Balay,2025-02-10
65,Ivana Sunder,2024-05-13
66,Himmat Contractor,2025-05-07
67,Nitya Kurian,2024-03-15
68,Diya Chada,2023-03-02
69,Himmat Rao,2024-12-14
70,Ira Thakkar,2023-07-08
71,Jhanvi Baria,2022-12-10
72,Anya Krishnan,2025-07-03
73,Jiya Ray,2023-08-17
74,Myra Shere,2024-11-29
75,Ishaan Sengupta,2023-07-04
76,Divyansh Som,2024-10-19
77,Armaan Sarma,2024-04-30
78,Kabir Thakkar,2022-09-03
79,Dhanuk Saraf,2025-05-29
80,Damini Sandal,2025-04-03
81,Lagan Suri,2024-03-30
82,Kabir Toor,2025-03-24
83,Ivana Sachdeva,2023-01-15
84,Diya Bhatt,2022-12-10
85,Anahita Ratti,2022-08-08
86,Badal Dhar,2025-04-28
87,Anika Jain,2022-10-08
88,Jayan Vohra,2024-03-04
89,Sumer Dugar,2023-04-03
90,Nehmat Dugar,2025-07-27
91,Anahi Sharma,2023-10-21
92,Samar Chander,2023-06-24
93,Jiya Ravel,2024-09-07
94,Rati Barman,2022-10-04
95,Akarsh Sood,2024-05-11
96,Himmat Yohannan,2025-06-28
97,Hiran Soman,2024-12-18
98,Nishith Sarraf,2025-04-19
99,Kaira Kala,2023-03-27
100,Tanya Jani,2024-10-13
101,Khushi Dora,2024-12-21
102,Amani Zacharia,2024-04-01
103,Charvi Karpe,2022-09-21
104,Rhea Chatterjee,2023-06-28
105,Emir Kakar,2024-06-25
106,Vihaan Kapadia,2022-12-01
107,Kiaan Devan,2022-12-09
108,Nitya De,2022-08-12
109,Jhanvi Shah,2023-11-06
110,Saksham Dhaliwal,2022-12-13
111,Divit Deo,2024-12-23
112,Mannat Chakraborty,2023-10-22
113,Dhanuk Taneja,2024-06-09
114,Zeeshan Baral,2023-12-10
115,Trisha Chaudhry,2024-12-12
116,Umang Mand,2023-12-10
117,Devansh Keer,2023-05-31
118,Ela Bandi,2023-04-02
119,Yashvi Srinivasan,2025-02-27
120,Shalv Sama,2022-07-29
121,Ojas Sandhu,2023-11-20
122,Uthkarsh Chaudhari,2024-07-07
123,Zara Kalita,2025-05-10
124,Madhup Sama,2023-07-07
125,Krish Dass,2022-08-16
126,Miraan Sane,2022-12-25
127,Dhanush Rao,2024-12-19
128,Aayush Golla,2023-07-20
129,Myra Deo,2022-08-15
130,Mohanlal Randhawa,2024-11-18
131,Bhavin Bora,2022-10-03
132,Shray Uppal,2024-06-03
133,Yasmin Sachdeva,2024-09-27
134,Ayesha Boase,2024-01-07
135,Kismat Raj,2025-02-08
136,Nirvaan Kara,2023-03-23
137,Faiyaz Bali,2025-05-31
138,Divit Basu,2024-03-23
139,Kismat Vohra,2022-11-08
140,Khushi Saran,2022-08-20
141,Romil Tank,2023-11-18
142,Himmat Lata,2023-01-24
143,Aarna Kalla,2023-01-18
144,Kismat Mallick,2023-10-13
145,Bhavin Arya,2023-10-09
146,Onkar Yohannan,2023-07-27
147,Rati Bhatti,2025-06-11
148,Baiju Kulkarni,2022-09-04
149,Rati Brahmbhatt,2024-08-14
150,Prisha Chauhan,2022-07-29
151,Yuvraj  Sule,2022-11-15
152,Nishith Sharma,2023-05-01
153,Himmat Khalsa,2024-06-03
154,Shalv Singh,2023-12-26
155,Pari Talwar,2024-09-07
156,Lakshay Dixit,2024-11-07
157,Jiya Bala,2023-03-25
158,Rati Bakshi,2025-02-20
159,Lakshay Sandal,2023-07-17
160,Alia Sahni,2023-06-25
161,Chirag Walla,2024-05-30
162,Heer Ravi,2024-08-05
163,Lakshay Banerjee,2023-10-25
164,Azad Divan,2023-03-06
165,Tanya Desai,2022-08-05
166,Farhan Chopra,2022-12-19
167,Dharmajan Babu,2024-12-25
168,Sara Kapur,2023-10-14
169,Lakshit Kala,2024-12-05
170,Miraya Chaudry,2022-10-13
171,Zoya Chauhan,2024-10-26
172,Samiha Khatri,2025-03-04
173,Ishita Saran,2023-06-06
174,Myra Divan,2023-09-28
175,Dhruv Koshy,2024-07-21
176,Emir Sami,2023-05-14
177,Jiya Borah,2024-12-30
178,Emir Kamdar,2022-09-06
179,Ranbir Gole,2022-09-17
180,Dhanuk Mani,2023-06-14
181,Dhruv Bhandari,2023-10-12
182,Manikya Sama,2024-01-14
183,Kiaan Swamy,2023-03-25
184,Ojas Vohra,2024-12-18
185,Shayak Bedi,2024-06-17
186,Shaan Bora,2025-04-21
187,Divyansh Dara,2022-12-03
188,Kismat Bhardwaj,2023-02-09
189,Rasha Lall,2024-06-24
190,Aaryahi Barad,2022-10-20
191,Purab Bhatti,2022-11-05
192,Hridaan Sampath,2024-12-22
193,Zara Sama,2022-08-04
194,Saksham Luthra,2023-02-02
195,Samarth Kunda,2023-05-23
196,Tara Lala,2023-10-06
197,Veer Chana,2023-01-03
198,Raghav Choudhury,2023-04-05
199,Shayak Soni,2023-08-08
200,Divij Vyas,2022-11-17
201,Kismat Banerjee,2022-10-21
202,Eshani Korpal,2023-02-15
203,Jayant Singh,2025-03-21
204,Azad Ben,2022-11-07
205,Trisha Karnik,2022-12-17
206,Baiju Dey,2025-05-07
207,Advika Srinivas,2024-10-20
208,Alia Sahota,2023-09-29
209,Reyansh Rajan,2023-03-30
210,Nehmat Swaminathan,2024-12-28
211,Bhamini Khalsa,2023-09-08
212,Romil Guha,2023-08-05
213,Romil Kata,2023-10-02
214,Badal Vora,2023-08-12
215,Bhamini Jayaraman,2023-10-23
216,Mishti Gulati,2023-12-25
217,Ayesha Shetty,2025-02-09
218,Navya Halder,2025-06-04
219,Neysa Majumdar,2023-09-18
220,Heer Sachar,2022-09-14
221,Biju Seth,2022-12-20
222,Vihaan Hayer,2023-07-08
223,Kashvi Vora,2023-08-03
224,Yasmin Sidhu,2022-10-25
225,Shayak Sharaf,2023-10-30
226,Tarini Chada,2024-03-21
227,Suhana Sangha,2025-04-18
228,Anya Chaudhari,2025-05-23
229,Aaryahi Lad,2024-06-04
230,Sara Ahuja,2022-08-12
231,Farhan Desai,2023-12-05
232,Myra Edwin,2024-01-22
233,Navya Vasa,2024-11-12
234,Aaryahi Balasubramanian,2023-08-19
235,Sumer Khurana,2023-06-27
236,Samarth Aggarwal,2023-04-27
237,Renee Dhillon,2023-07-15
238,Prisha Rao,2023-04-03
239,Eshani Saran,2023-03-12
240,Samiha Ganguly,2024-07-11
241,Jayant Gill,2025-07-04
242,Sumer Hora,2023-05-22
243,Himmat Kibe,2024-01-28
244,Shray Dube,2025-01-11
245,Yuvaan Gulati,2022-09-23
246,Raunak Som,2025-03-26
247,Dhanuk Verma,2024-07-02
248,Urvi Bail,2024-07-30
249,Ayesha Baral,2023-06-09
250,Miraya Kumer,2024-05-05
251,Sahil Wadhwa,2023-06-25
252,Nakul Sridhar,2025-07-09
253,Uthkarsh Ravel,2025-06-05
254,Yakshit Kade,2024-07-19
255,Farhan Agarwal,2025-05-12
256,Saira Tata,2024-04-17
257,Jiya Jhaveri,2022-10-14
258,Raunak Sha,2025-02-07
259,Raunak Ranganathan,2023-08-11
260,Shlok Chanda,2024-05-10
261,Renee Ganesan,2024-11-12
262,Alia Choudhary,2023-09-12
263,Diya Chaudry,2024-10-24
264,Abram Chana,2022-10-01
265,Anay Sahota,2023-08-05
266,Zoya Sundaram,2023-02-24
267,Prisha Raju,2023-09-08
268,Ayesha Kata,2023-01-19
269,Hansh Shere,2024-01-06
270,Tushar Kala,2024-11-27
271,Kavya Maharaj,2023-01-16
272,Neelofar Bahri,2024-09-09
273,Zoya Anne,2025-01-13
274,Vidur Ramanathan,2025-07-06
275,Devansh Shukla,2023-03-19
276,Ela Dalal,2025-07-17
277,Suhana Sunder,2023-03-03
278,Tejas Chakrabarti,2023-08-24
279,Hridaan Kumer,2024-03-20
280,Tarini Sha,2024-02-22
281,Baiju Sarraf,2023-12-01
282,Heer Khatri,2023-12-09
283,Tanya Jani,2024-12-17
284,Anya Deshpande,2023-12-17
285,Anika Iyer,2024-02-09
286,Stuvan Master,2024-09-17
287,Nayantara Bali,2022-08-15
288,Anaya Sarna,2022-09-22
289,Zara Dash,2023-11-25
290,Saksham Choudhry,2023-03-24
291,Aarav Dhar,2022-09-02
292,Diya Hans,2024-02-02
293,Saksham Edwin,2025-07-09
294,Rohan Rao,2025-05-17
295,Mamooty Brahmbhatt,2024-06-09
296,Zaina Goda,2023-01-26
297,Badal Kanda,2024-07-21
298,Ehsaan Edwin,2024-07-29
299,Yashvi Bava,2024-08-19
300,Ayesha Walia,2023-09-21
301,Baiju Dutta,2024-03-20
302,Ojas Guha,2023-02-11
303,Saanvi Deshpande,2024-09-01
304,Adira Dara,2024-12-20
305,Misha Singhal,2024-11-23
306,Prerak Babu,2025-03-09
307,Saksham Kade,2025-04-30
308,Kartik Lala,2024-11-22
309,Nishith Bhardwaj,2024-08-06
310,Gatik Luthra,2024-09-13
311,Baiju Sabharwal,2023-04-19
312,Samiha Gour,2022-11-22
313,Rania Hans,2023-12-20
314,Vritika Kala,2025-07-02
315,Samiha Boase,2023-08-10
316,Samarth Issac,2023-03-22
317,Abram Bajwa,2025-06-13
318,Purab Dey,2023-06-28
319,Mohanlal Soni,2024-08-11
320,Raghav Dhingra,2025-02-27
321,Suhana Bhat,2024-05-17
322,Tarini Dasgupta,2023-11-25
323,Romil Bhattacharyya,2024-11-10
324,Samiha Tak,2024-06-03
325,Dhanuk Vala,2023-07-04
326,Hrishita Bassi,2022-08-20
327,Samar Shroff,2023-04-14
328,Lagan Kibe,2022-11-29
329,Piya Lala,2024-12-24
330,Diya Anne,2023-10-25
331,Akarsh Soni,2022-10-26
332,Kiaan Dugar,2022-10-09
333,Nitara Banik,2023-11-08
334,Indrajit Manne,2023-03-27
335,Advika Mallick,2023-05-08
336,Lagan Tata,2022-10-23
337,Amani Lall,2024-02-06
338,Stuvan Dani,2025-04-01
339,Alisha Krishnan,2024-03-29
340,Dhruv Bhardwaj,2022-08-09
341,Indrans Chad,2023-02-07
342,Ayesha Chakrabarti,2024-04-13
343,Prisha Lata,2022-07-28
344,Priyansh Hari,2023-03-25
345,Raghav Chakrabarti,2023-06-09
346,Misha Butala,2022-10-13
347,Arnav Thakur,2024-05-10
348,Nitya Dugar,2024-04-29
349,Shaan Kanda,2024-03-08
350,Drishya Devi,2024-03-14
351,Anika Vaidya,2022-11-21
352,Dhanuk Ratta,2024-09-29
353,Sumer Dhawan,2023-03-16
354,Hazel Balan,2024-04-18
355,Aaina Iyengar,2023-01-01
356,Kiara Sarna,2025-03-31
357,Kaira Varughese,2023-05-05
358,Sara Tella,2023-03-16
359,Aradhya Chokshi,2023-04-21
360,Trisha Bhat,2024-09-22
361,Mannat Bhardwaj,2024-01-13
362,Vritika Dewan,2022-10-13
363,Ayesha Arya,2025-06-07
364,Dhanuk Subramaniam,2024-08-03
365,Aayush Rege,2024-06-26
366,Shalv Dixit,2024-09-09
367,Navya Cheema,2024-05-06
368,Stuvan Boase,2024-02-25
369,Biju Sha,2025-06-03
370,Vritika Varkey,2025-03-25
371,Charvi Raval,2022-12-06
372,Lavanya Ganguly,2023-10-18
373,Armaan Deshpande,2024-04-22
374,Arnav Gulati,2023-08-10
375,Priyansh Loyal,2023-03-22
376,Pranay Datta,2023-01-02
377,Farhan Tella,2023-10-21
378,Priyansh Sarma,2024-07-02
379,Drishya Sur,2025-07-11
380,Azad Chakraborty,2024-11-26
381,Shlok Sant,2025-05-13
382,Umang Desai,2024-05-15
383,Taran Saha,2024-05-15
384,Nitya Sant,2023-06-07
385,Aarush Dhawan,2023-07-27
386,Shanaya Chaudhari,2023-02-14
387,Lakshay Kota,2025-03-04
388,Kimaya Kara,2023-11-15
389,Nitara Mani,2025-02-24
390,Kiaan Gade,2023-09-09
391,Vanya Bhatia,2025-05-01
392,Dhanuk Swaminathan,2025-02-08
393,Arhaan Solanki,2025-04-14
394,Saksham Sarna,2022-08-02
395,Vanya Barad,2024-05-17
396,Aaryahi Soman,2023-05-31
397,Eshani Seth,2024-03-05
398,Vanya Sagar,2025-05-27
399,Pihu Chaudhary,2022-09-10
400,Krish Tiwari,2024-12-17
401,Mahika Madan,2023-09-16
402,Tiya Bath,2024-07-26
403,Divit Chand,2025-06-11
404,Ahana  Sem,2025-02-08
405,Faiyaz Dey,2023-04-06
406,Anahi Gara,2024-07-09
407,Vardaniya Sibal,2023-05-27
408,Riaan Chakraborty,2024-01-21
409,Anvi Mangat,2024-09-14
410,Vaibhav Bhardwaj,2024-03-27
411,Ritvik Gola,2024-06-25
412,Pihu Aurora,2024-11-12
413,Sumer Divan,2023-03-18
414,Raghav Kaur,2023-01-08
415,Aniruddh Sabharwal,2023-10-12
416,Jivika Badal,2022-09-11
417,Amani Chana,2023-05-12
418,Kavya Manne,2023-03-29
419,Amira Chakrabarti,2023-02-14
420,Shaan Atwal,2025-06-01
421,Fateh Sur,2024-10-24
422,Bhavin Sane,2024-06-04
423,Jayant Raju,2024-10-20
424,Amira Maharaj,2023-08-24
425,Advika Ravi,2023-01-07
426,Rasha Bhagat,2025-07-09
427,Piya Kuruvilla,2024-01-06
428,Yashvi Sarraf,2024-07-27
429,Hridaan Koshy,2022-11-24
430,Alia Hegde,2022-10-11
431,Madhup Sibal,2024-08-13
432,Tushar Kapur,2025-01-13
433,Pranay Sachar,2023-11-20
434,Uthkarsh Zachariah,2024-11-29
435,Nehmat Sathe,2023-10-01
436,Hrishita Savant,2024-02-21
437,Kartik Bawa,2022-12-15
438,Vidur Buch,2025-01-07
439,Nakul Koshy,2022-10-23
440,Veer Ben,2023-07-22
441,Ela Gokhale,2024-07-28
442,Biju Bansal,2024-04-02
443,Zeeshan Singh,2023-03-04
444,Inaaya  Bala,2024-01-01
445,Samiha Edwin,2025-04-05
446,Ranbir Sen,2022-09-22
447,Ritvik Sane,2024-12-19
448,Veer Suresh,2023-06-28
449,Jayant Desai,2025-03-01
450,Samaira Shan,2022-08-27
451,Mishti Bhatt,2023-03-26
452,Nishith Goswami,2023-06-21
453,Priyansh Goyal,2022-10-31
454,Prerak Kalita,2024-09-21
455,Emir Chada,2025-03-07
456,Trisha Kohli,2023-01-27
457,Saira Sood,2024-07-08
458,Armaan Tripathi,2023-11-05
459,Alia Balasubramanian,2022-10-21
460,Indranil Dhawan,2024-02-24
461,Rania Ganesan,2025-04-09
462,Zeeshan Gulati,2023-07-18
463,Anika Brar,2023-05-29
464,Dharmajan Dyal,2023-10-06
465,Damini Edwin,2023-10-21
466,Ryan Chaudhary,2022-08-28
467,Shalv Majumdar,2024-07-26
468,Jivin Kamdar,2023-11-17
469,Raunak Kalita,2025-06-09
470,Tejas Madan,2023-01-25
471,Navya Shukla,2023-06-01
472,Manikya Varty,2023-04-01
473,Lavanya Talwar,2023-01-16
474,Vanya Sarin,2022-10-24
475,Bhavin Dutta,2024-06-07
476,Zeeshan Devan,2024-06-17
477,Neelofar Sharaf,2025-07-20
478,Dhruv Sarma,2025-01-19
479,Hazel Vaidya,2022-11-22
480,Saanvi Comar,2024-11-17
481,Zaina Sengupta,2025-07-17
482,Nitya Mangat,2023-06-03
483,Yashvi Dixit,2023-08-06
484,Gatik Manda,2023-03-29
485,Mishti Garde,2023-03-16
486,Nehmat Sarna,2025-07-14
487,Priyansh Keer,2025-01-06
488,Eshani Hegde,2024-04-05
489,Nehmat Sridhar,2023-02-13
490,Suhana Hans,2023-01-13
491,Raunak Bhandari,2023-11-05
492,Jivika Dara,2024-10-09
493,Indrajit Lal,2024-01-03
494,Oorja Ray,2023-09-01
495,Rohan Buch,2024-06-13
496,Kanav Tripathi,2024-09-24
497,Raunak Thaman,2024-12-20
498,Umang Khanna,2022-09-07
499,Mishti Dhillon,2023-03-16
500,Kabir Talwar,2023-08-13
501,Amira Saha,2023-04-02
502,Kiaan Dave,2022-08-01
503,Nirvaan Manda,2022-09-25
504,Anahita Hans,2023-08-30
505,Khushi Tank,2025-01-19
506,Tara Raja,2023-11-06
507,Saanvi Behl,2025-03-03
508,Zain Kannan,2025-07-05
509,Zara Sarraf,2022-08-17
510,Akarsh Kadakia,2025-03-06
511,Purab Anne,2025-01-01
512,Zeeshan Deep,2024-05-12
513,Hunar Hans,2024-07-19
514,Shanaya Sundaram,2024-02-10
515,Sara Kala,2023-05-28
516,Misha Saini,2023-03-29
517,Samarth Bumb,2024-12-02
518,Misha Din,2025-07-02
519,Alisha Gera,2023-01-30
520,Miraya Ramaswamy,2024-09-17
521,Vedika Keer,2024-03-07
522,Ritvik Tiwari,2023-12-22
523,Eshani Ahuja,2023-03-19
524,Pari Kumer,2025-01-17
525,Kiara Sabharwal,2025-04-29
526,Badal Lata,2024-02-09
527,Devansh Kar,2025-03-30
528,Aarna Bahl,2023-06-21
529,Shaan Virk,2023-09-21
530,Indranil Sandhu,2022-10-08
531,Alia Hora,2024-01-29
532,Zain Desai,2023-12-14
533,Vaibhav Bora,2023-12-08
534,Sara Lad,2024-11-22
535,Divyansh Wali,2024-02-17
536,Diya Venkataraman,2023-03-26
537,Saanvi Ratta,2025-05-22
538,Ishita Char,2022-11-02
539,Kashvi Sekhon,2023-01-13
540,Romil Mannan,2025-04-30
541,Samarth Ganesan,2023-01-03
542,Fateh Bandi,2023-05-07
543,Oorja Goyal,2022-11-27
544,Nehmat Bhat,2025-07-18
545,Nishith Shankar,2025-06-08
546,Siya Sami,2025-01-17
547,Kismat Chauhan,2022-09-15
548,Aniruddh Dutt,2023-06-22
549,Samaira Bhasin,2022-09-08
550,Jiya Sachdeva,2024-12-06
551,Madhav Kothari,2024-08-16
552,Zeeshan Gandhi,2025-06-12
553,Bhavin Anand,2023-11-21
554,Ojas Dua,2023-06-22
555,Veer Jha,2024-01-22
556,Dhanuk Iyer,2023-10-11
557,Anya Loke,2023-07-07
558,Mehul Bora,2023-12-22
559,Madhav Gera,2025-02-25
560,Anay Luthra,2023-07-16
561,Advika Doctor,2024-05-08
562,Yasmin Rattan,2022-08-14
563,Tanya Golla,2023-07-16
564,Ira Tella,2024-02-08
565,Manjari Bobal,2024-10-02
566,Jhanvi Date,2022-10-27
567,Madhav Srinivas,2023-10-16
568,Tejas Dasgupta,2025-07-05
569,Anahita Sheth,2024-12-03
570,Aayush Gulati,2022-08-06
571,Devansh Soni,2023-01-28
572,Divit Chadha,2022-12-08
573,Advik Bala,2023-02-01
574,Mehul Sagar,2024-01-09
575,Urvi Vora,2023-10-27
576,Fateh Sachdev,2025-01-13
577,Rohan Sem,2023-05-13
578,Oorja Sinha,2022-11-26
579,Shray Bail,2024-08-16
580,Shalv Apte,2023-12-05
581,Aaryahi Kala,2025-06-21
582,Vanya Master,2024-02-16
583,Jivin Sharma,2023-08-26
584,Advika Bhakta,2025-07-26
585,Rania Ghose,2024-02-26
586,Lagan Sen,2023-06-13
587,Kartik Anne,2025-01-16
588,Anvi Sami,2025-01-16
589,Farhan Sangha,2023-05-07
590,Adira Gala,2024-01-27
591,Samarth Chandran,2023-03-23
592,Lakshay Sangha,2023-06-13
593,Renee Lata,2024-09-02
594,Hiran Sehgal,2024-12-07
595,Anahita Lata,2024-06-16
596,Jiya Amble,2024-02-12
597,Anika Karnik,2024-03-08
598,Misha Bhakta,2025-05-10
599,Ehsaan Rama,2023-01-06
600,Reyansh Warrior,2023-10-12
601,Piya Chakraborty,2022-11-03
602,Amira Sathe,2022-07-28
603,Vedika Deshpande,2025-03-18
604,Romil Chander,2023-02-22
605,Manikya Manne,2025-02-15
606,Kiara Mahajan,2024-10-27
607,Yuvaan Halder,2025-03-15
608,Arhaan Ganesh,2024-02-17
609,Saanvi Bora,2022-11-18
610,Umang Chandran,2022-08-31
611,Mamooty Kamdar,2022-10-01
612,Vihaan Sha,2025-03-26
613,Madhup Kaur,2024-04-01
614,Jayesh Kari,2024-04-29
615,Mamooty Banik,2024-11-18
616,Indrans Bajaj,2025-03-12
617,Lavanya Dasgupta,2023-11-02
618,Arnav Luthra,2024-04-28
619,Mahika Chandran,2024-03-25
620,Yuvaan Sheth,2025-05-17
621,Saira Chaudry,2024-12-26
622,Parinaaz Hayre,2023-01-28
623,Farhan Gara,2022-08-25
624,Shalv Sampath,2024-04-16
625,Rania Banik,2023-03-12
626,Shalv Bumb,2024-11-05
627,Anika Gopal,2024-10-27
628,Inaaya  Issac,2024-04-28
629,Sahil Gupta,2023-10-14
630,Suhana Rajagopalan,2023-08-15
631,Hunar Kibe,2025-03-25
632,Gatik Sheth,2024-04-09
633,Alisha Baral,2023-08-14
634,Romil Sandal,2023-04-17
635,Vedika Badal,2024-05-24
636,Seher Maharaj,2024-04-20
637,Alisha Aggarwal,2024-05-22
638,Hansh Khatri,2025-02-10
639,Shayak Lala,2024-10-30
640,Yuvraj  Dhillon,2023-10-08
641,Aarush Mandal,2023-06-10
642,Lagan Kadakia,2024-03-29
643,Myra Rau,2024-02-09
644,Samaira Sundaram,2023-12-15
645,Vedika Wason,2023-08-29
646,Seher Shenoy,2024-11-12
647,Kabir Vala,2024-05-29
648,Tushar Chanda,2024-11-11
649,Jivin Yogi,2024-04-05
650,Seher Tata,2023-04-02
651,Heer Bera,2023-06-02
652,Baiju Sunder,2024-12-29
653,Azad Kota,2023-11-03
654,Krish Gokhale,2022-08-17
655,Ishaan Ganesh,2023-08-07
656,Kismat Dey,2023-10-13
657,Samiha Kala,2023-05-14
658,Hrishita Sundaram,2025-02-07
659,Zeeshan Cheema,2022-08-10
660,Dharmajan Wali,2024-12-20
661,Kimaya Sathe,2024-04-10
662,Reyansh Kadakia,2024-01-15
663,Ehsaan Bandi,2024-09-24
664,Vivaan Sampath,2023-04-27
665,Shalv Maharaj,2024-03-06
666,Shanaya Bajwa,2023-09-30
667,Gokul Rajan,2023-03-15
668,Sahil Dhar,2024-04-07
669,Farhan Anand,2024-03-28
670,Ayesha Grover,2024-09-27
671,Oorja Tak,2023-07-14
672,Hazel Arya,2023-10-09
673,Yakshit Ravel,2024-09-04
674,Abram Dash,2024-05-17
675,Charvi Taneja,2025-05-10
676,Madhav Bala,2024-02-22
677,Aayush Dhillon,2025-07-09
678,Zara Kade,2025-03-17
679,Aarush Chanda,2022-12-10
680,Nitara Raman,2024-05-16
681,Kiara Bansal,2024-12-13
682,Raghav Kari,2022-12-20
683,Anaya Ghose,2024-05-16
684,Abram Bains,2023-07-19
685,Divyansh Kari,2024-01-11
686,Nayantara Mallick,2024-03-13
687,Sumer Agate,2024-10-22
688,Fateh Lata,2024-11-14
689,Aaryahi Kar,2024-05-26
690,Misha Dasgupta,2024-01-25
691,Ivan Arya,2024-12-29
692,Trisha Kar,2023-11-24
693,Samiha Karpe,2025-04-10
694,Vedika Bhakta,2025-02-12
695,Hazel Bassi,2024-02-07
696,Misha Chacko,2025-01-26
697,Mamooty Sibal,2022-10-06
698,Bhamini Dutta,2023-09-18
699,Riya Madan,2024-10-03
700,Zeeshan Dewan,2024-12-06
701,Drishya Gade,2024-08-28
702,Farhan Sarma,2024-06-05
703,Aarush Shenoy,2023-06-07
704,Aarush Kuruvilla,2024-01-31
705,Oorja Biswas,2022-08-27
706,Zara Kapoor,2025-06-06
707,Elakshi Shan,2025-05-20
708,Mannat Kanda,2025-02-28
709,Piya Gulati,2024-01-30
710,Lagan Raj,2022-11-24
711,Aaina Wadhwa,2025-03-18
712,Adah Garde,2025-05-02
713,Saanvi Bava,2023-10-12
714,Vidur Gokhale,2024-01-04
715,Shalv Saini,2023-07-14
716,Ojas Tak,2022-08-07
717,Samiha Bhargava,2024-02-10
718,Rhea Ahuja,2022-11-24
719,Jayesh Kashyap,2023-03-31
720,Piya Dyal,2023-08-04
721,Nitara Deol,2025-07-07
722,Kashvi Vaidya,2023-04-10
723,Nishith Johal,2024-09-16
724,Kavya Gour,2024-02-18
725,Taran Samra,2024-10-21
726,Lagan Dua,2023-01-25
727,Rohan Choudhry,2023-03-27
728,Vaibhav Dey,2024-08-07
729,Prisha Gulati,2024-03-03
730,Tara Sheth,2023-05-23
731,Rati Atwal,2024-02-11
732,Jivika Venkatesh,2025-02-24
733,Jayan Agate,2025-05-31
734,Urvi Saraf,2023-05-04
735,Ritvik Sant,2023-03-17
736,Tejas Chhabra,2023-12-27
737,Uthkarsh Sankaran,2024-05-24
738,Jiya Karan,2025-07-13
739,Armaan Balan,2024-05-26
740,Prisha Bumb,2022-10-23
741,Nehmat Shetty,2025-06-22
742,Tushar Ram,2025-03-20
743,Bhavin Bhandari,2024-01-02
744,Sumer Arya,2024-03-26
745,Hridaan Mangat,2025-05-02
746,Yashvi Sangha,2025-06-01
747,Manikya Dada,2024-12-03
748,Emir Chhabra,2022-07-29
749,Vardaniya Karpe,2024-06-16
750,Samiha Sampath,2023-09-08
751,Krish Bala,2025-07-03
752,Renee Anand,2025-02-25
753,Arhaan Kapadia,2025-05-17
754,Lavanya Banik,2025-02-23
755,Abram Savant,2024-09-08
756,Nirvi Ben,2024-03-19
757,Rati Keer,2024-02-26
758,Hridaan Kapadia,2025-05-06
759,Umang Dhaliwal,2025-05-11
760,Dhanush Varkey,2022-08-08
761,Shlok Sinha,2022-10-16
762,Nehmat Ahluwalia,2022-10-28
763,Kismat Grover,2023-09-15
764,Samarth Lad,2024-11-07
765,Ayesha Dey,2024-07-19
766,Dishani Sarna,2023-06-29
767,Yuvraj  Baral,2023-08-29
768,Siya Jani,2022-11-12
769,Kimaya Ravel,2025-06-28
770,Mahika Lall,2022-08-28
771,Eva Kata,2025-01-30
772,Chirag Kamdar,2023-05-01
773,Inaaya  Tara,2023-03-15
774,Aarush Srinivasan,2024-11-29
775,Baiju Shan,2024-05-16
776,Nehmat Sani,2023-10-30
777,Damini Batra,2024-10-26
778,Nirvaan Kumer,2023-06-13
779,Devansh Walia,2025-01-09
780,Indrajit Sheth,2024-06-23
781,Alia Saraf,2022-10-04
782,Oorja Deep,2024-04-15
783,Hridaan Sangha,2024-07-21
784,Akarsh Bava,2025-05-31
785,Arhaan Ratti,2023-11-12
786,Fateh Toor,2022-12-07
787,Faiyaz Reddy,2022-08-30
788,Riya Kala,2022-10-16
789,Shayak Singh,2022-11-26
790,Trisha Edwin,2023-11-12
791,Amani Badami,2024-07-04
792,Vedika Ramakrishnan,2023-04-22
793,Zain Dhar,2024-09-16
794,Piya Dada,2024-06-13
795,Vritika Sarna,2024-01-18
796,Pihu Anne,2024-02-13
797,Reyansh Shetty,2023-08-13
798,Emir Chacko,2024-01-02
799,Indrans Cherian,2023-11-08
800,Romil Raju,2023-11-02
801,Miraan Din,2024-10-12
802,Shray Badal,2025-02-09
803,Aayush Choudhury,2024-10-10
804,Yashvi Sagar,2024-01-04
805,Azad Shah,2023-10-22
806,Uthkarsh Roy,2024-09-18
807,Rania Soni,2022-08-11
808,Urvi Gera,2025-06-08
809,Lakshay Varkey,2025-07-13
810,Piya Khare,2023-01-06
811,Ishita Karnik,2023-06-02
812,Umang Bhatnagar,2023-07-24
813,Sumer Wadhwa,2023-08-29
814,Priyansh Chowdhury,2023-10-15
815,Hansh Kuruvilla,2025-07-23
816,Kimaya Shere,2024-01-11
817,Khushi Gill,2025-03-27
818,Alisha Das,2022-10-18
819,Jivika Bakshi,2023-02-10
820,Faiyaz Jayaraman,2025-02-07
821,Lagan Srinivas,2024-04-25
822,Yuvaan Kumer,2024-05-03
823,Eshani Bakshi,2022-10-26
824,Himmat Chopra,2022-12-01
825,Kabir Sodhi,2022-11-18
826,Shanaya Kapoor,2022-11-04
827,Arhaan Sheth,2022-08-24
828,Yuvaan Sane,2024-07-15
829,Abram Bhavsar,2024-06-14
830,Vihaan Karnik,2022-12-18
831,Seher Soni,2025-05-10
832,Urvi Arora,2024-07-26
833,Vivaan Kant,2023-05-11
834,Kismat Bhardwaj,2024-06-05
835,Anika Rama,2022-10-03
836,Tiya Kapadia,2022-08-05
837,Gatik Chadha,2024-06-03
838,Kismat Khurana,2024-01-19
839,Ayesha Raju,2023-09-07
840,Navya Gola,2023-02-07
841,Kanav Sengupta,2023-04-28
842,Shlok Arya,2023-06-06
843,Kartik Goyal,2024-06-13
844,Anya Keer,2024-03-04
845,Tiya Sharma,2024-04-19
846,Manjari Yogi,2024-10-27
847,Azad Dubey,2025-06-14
848,Veer Kata,2024-09-07
849,Biju Krish,2024-05-10
850,Saira Venkatesh,2023-08-19
851,Navya Suri,2025-03-17
852,Seher Shanker,2022-09-19
853,Hunar Bains,2023-08-06
854,Hansh Chhabra,2022-10-29
855,Ishaan Chaudry,2023-10-18
856,Anahi Johal,2023-09-25
857,Kiara Barad,2024-06-22
858,Manjari Srinivasan,2023-03-05
859,Hunar Sur,2022-09-07
860,Mahika Dhawan,2024-10-28
861,Adira Varghese,2024-03-19
862,Hazel Barad,2022-08-29
863,Indrans Saxena,2023-09-06
864,Rohan Iyengar,2024-07-22
865,Taran Dar,2024-09-23
866,Rania Lad,2024-06-20
867,Elakshi Warrior,2024-11-08
868,Fateh Mander,2022-09-25
869,Elakshi Gade,2023-09-10
870,Farhan Sarma,2024-11-02
871,Samiha Bandi,2024-12-18
872,Dhanuk Khatri,2024-07-13
873,Samiha Kaur,2023-05-21
874,Dharmajan Sha,2024-08-22
875,Rania Ganesh,2022-08-26
876,Jayan Mall,2024-07-24
877,Darshit Sheth,2023-12-16
878,Oorja Behl,2025-06-17
879,Aaina Wable,2024-03-02
880,Yuvaan Bora,2024-02-29
881,Ivan Loke,2023-05-19
882,Raunak Das,2024-02-02
883,Anay Raja,2024-09-16
884,Kanav Balasubramanian,2022-12-30
885,Uthkarsh Baral,2024-02-09
886,Adah Kale,2022-11-06
887,Aradhya Aggarwal,2023-01-28
888,Damini Sundaram,2023-03-20
889,Alisha Bath,2025-01-30
890,Khushi Buch,2025-03-25
891,Saanvi Gupta,2024-08-22
892,Ranbir Jaggi,2024-10-26
893,Darshit Kade,2022-08-03
894,Heer Kara,2023-11-08
895,Kismat Chatterjee,2022-12-23
896,Keya Saran,2023-04-26
897,Alisha Sehgal,2023-01-27
898,Mahika Chaudhary,2023-04-08
899,Arhaan Bhavsar,2025-03-04
900,Rhea Vala,2025-01-11
901,Lavanya Borra,2025-05-20
902,Seher Date,2025-01-12
903,Hansh Gole,2024-01-26
904,Darshit Sama,2024-04-09
905,Hridaan Tiwari,2023-05-13
906,Akarsh Wadhwa,2022-10-17
907,Aayush Grover,2023-06-28
908,Umang Setty,2025-04-18
909,Jivika Varkey,2025-07-01
910,Amira Lalla,2024-02-22
911,Mannat Iyengar,2024-02-02
912,Anahita Chaudhary,2023-11-04
913,Kavya Chahal,2022-08-29
914,Jhanvi Chacko,2024-05-19
915,Shaan Grover,2023-12-12
916,Veer Raj,2024-09-25
917,Yashvi Solanki,2022-11-20
918,Mamooty Dhawan,2022-08-17
919,Dhanuk Bhatt,2023-02-28
920,Advik Mammen,2025-02-20
921,Miraya Halder,2025-07-26
922,Jayan Rau,2023-03-03
923,Kimaya Srivastava,2022-12-22
924,Mahika Krishnan,2023-03-26
925,Aarna Sehgal,2024-12-30
926,Faiyaz Jhaveri,2023-08-16
927,Vidur Chandra,2022-12-09
928,Taran Apte,2023-12-27
929,Kabir Mander,2025-06-28
930,Tara Dutta,2025-02-15
931,Jayan Chaudhuri,2025-06-18
932,Sara Dar,2023-08-26
933,Shlok Tak,2024-02-26
934,Divyansh Bhasin,2024-10-01
935,Jhanvi Sethi,2024-09-27
936,Lakshay Chada,2023-01-19
937,Ivana Bhandari,2022-09-07
938,Vanya Chandra,2023-12-12
939,Aaina Bobal,2025-02-02
940,Aniruddh Karnik,2022-12-04
941,Jiya Mangal,2023-03-05
942,Lagan Chad,2023-05-13
943,Neysa Sarna,2025-03-11
944,Aradhya Aggarwal,2024-09-08
945,Tarini Dugal,2024-08-24
946,Mahika Kashyap,2024-10-30
947,Vihaan Lall,2022-09-27
948,Kartik Dash,2025-06-14
949,Raghav Jhaveri,2024-02-25
950,Vidur Atwal,2024-02-02
951,Samarth Balan,2025-05-16
952,Aaina Chaudhry,2023-01-30
953,Shray Jani,2024-12-16
954,Anika Choudhry,2025-06-23
955,Yuvraj  Mall,2023-09-24
956,Alia Krishnan,2024-01-09
957,Nirvaan Vyas,2025-06-03
958,Seher Talwar,2023-04-18
959,Samiha Sane,2025-03-11
960,Adah Sabharwal,2022-11-19
961,Reyansh Dixit,2025-03-21
962,Samarth Vala,2024-08-13
963,Kartik Iyer,2023-05-25
964,Ahana  Babu,2025-04-03
965,Saksham Bahl,2023-06-20
966,Nayantara Dixit,2025-06-06
967,Saksham Khatri,2024-09-13
968,Vivaan Gupta,2023-06-17
969,Saksham Grover,2023-04-30
970,Veer Kashyap,2023-03-16
971,Jiya Sharma,2024-02-22
972,Amani Tella,2023-01-01
973,Zeeshan Saha,2025-01-13
974,Dharmajan Desai,2025-02-05
975,Oorja Savant,2025-06-25
976,Umang Dhillon,2023-05-01
977,Jayesh Guha,2024-06-01
978,Dharmajan Jaggi,2025-04-08
979,Khushi Virk,2022-10-12
980,Samarth Choudhry,2023-06-08
981,Shanaya Sastry,2023-04-08
982,Ivan Sarraf,2025-03-31
983,Shaan Sule,2023-09-17
984,Lavanya Rastogi,2022-08-15
985,Nirvaan Setty,2024-03-15
986,Samarth Rattan,2025-06-21
987,Mishti Sarraf,2025-05-30
988,Hansh Bhat,2024-05-18
989,Kaira Chowdhury,2024-08-06
990,Renee Sem,2023-04-01
991,Advika Karnik,2022-08-10
992,Sara Dua,2022-12-30
993,Sumer De,2022-08-24
994,Shray Bobal,2023-07-09
995,Pranay Bera,2024-04-10
996,Gokul Kade,2022-10-06
997,Drishya Chokshi,2023-01-21
998,Mamooty Ramesh,2025-01-29
999,Hiran Mannan,2025-04-20
1000,Lavanya Bhakta,2024-03-15
